fe389cac-3795-4b4c-9d09-39b77e166f5a,812331
238bf281-d283-4522-960b-40f2bf9f5248,624110
fe389cac-3795-4b4c-9d09-39b77e166f5a,812331
c5180881-30fe-4d7e-aaeb-360baf2565e5,453110
6a119767-c755-460f-92d9-fbe8fcb23c96,541511
9e094b8b-cfd2-4ba4-9305-4f019ea53515,541922
41b4745e-6b61-471c-adef-aab670f9fa45,532
41b4745e-6b61-471c-adef-aab670f9fa45,532412
4ae2aaa6-b4e1-4b1e-9a57-883e6e0e56cf,327991
4ae2aaa6-b4e1-4b1e-9a57-883e6e0e56cf,423320
2112e3a5-1160-49c7-81e6-b27f9fad31a3,541110
2112e3a5-1160-49c7-81e6-b27f9fad31a3,541110
